<?xml version="1.0" encoding="UTF-8" standalone="yes"?>
<addon id="plugin.video.TK" name="[COLOR red][B]TK [/B][/COLOR][COLOR yellow][B]- Play[/B][/COLOR]" version="1.0.0" provider-name="[COLOR firebrick][B]TK[/B][/COLOR]">
  <requires>
    <import addon="xbmc.python" version="2.1.0"/>
    <import addon="script.module.beautifulsoup" version="3.2.1"/>
    <import addon="script.module.simple.downloader" version="0.9.4"/>
    <import addon="script.module.beautifulsoup4"/>
    <import addon="script.module.requests"/>
    <import addon="script.module.httplib2"/>
    <import addon="script.module.youtube.dl" optional="true"/>
    <import addon="plugin.video.youtube"/>
    <import addon="script.module.urlresolver" optional="true"/>
    <import addon="script.module.simplejson"/> 
  </requires>
  <extension point="xbmc.python.pluginsource" library="default.py">
        <provides>video</provides>
  </extension>
  <extension point="xbmc.addon.metadata">
    <summary lang="en">[COLOR red][B]TK [/B][/COLOR][COLOR yellow][B]- Play[/B][/COLOR] - 2k19</summary>
    <description lang="en">Add-on com foco em conteúdo dublado seja Filmes, Séries, Desenhos, Canais. Tento trazer tudo na melhor qualidade encontrada na internet</description>
	<disclaimer lang="en">O autor não é responsável pelo uso deste addon. O autor não é responsável pelo conteúdo encontrado usando este addon. O autor não hospeda ou possui qualquer conteúdo encontrado dentro deste addon. O autor não é de forma alguma afiliado com Kodi, Team Kodi, ou a Fundação XBMC. Este é um recurso sem fins lucrativos, organizado exclusivamente para fins educacionais. fins protegidos pela doutrina de uso justo da Lei de Direitos Autorais, especificamente a seção 107, que promove a liberdade de expressão, ao permitir o uso não licenciado de obras protegidas por direitos autorais.</disclaimer>
    <platform>all</platform>
  </extension>
</addon>
